region,count
NA,239088
Svizzera,21695
Suisse,693562
"Switzerland but Id say usa",218
Lugano - Lake Como,69
Switzerland/Slovakia,205
Suisse romande,50
قطر | Doha,94
Germany,509
Por ser como soy ;,66
Switzerland,2789831
US | Canada | Worldwide,27
Bern / Salzburg,68
svizzera però sono sarda,501
Lausanne Suisse.,162
now somewhere in Europe,1
Termen Wallis /Zwitserland,216
"youll find me at concerts",149
District 12,5
Kuwaitkaprun❄️a,14
kuwait,225
Worldwide,851
lecturer @ PNU,2
justin & shawn followed,82
Milano Lombardia,126
Hyderabad Andhra Pradesh,1
East Africa,80
Zermatt,3559
Biel/Bienne,3319
Olten,4673
Confoederatio Helvetica,2799
Winterthur,25999
Aigle,2009
Neuchâtel,10612
Schenkon,3324
Chur,11178
Zofingen,1368
Sankt Gallen,6668
Geneve,20799
Delémont,2811
Schaffhausen,15000
Flüelen,410
Uster,2296
Bülach,2635
Lucerne,8227
Solothurn,7437
Thun,6453
Zurigo,5498
Schwyz,760
Genf,4823
Suïssa,1803
Dielsdorf,523
Biel,10702
Zug,3785
Sarnen,903
Amden,169
Suíça,9450
Aarau,9325
Frutigen,264
スイス,16665
Basilea,2974
Zuerich,6756
Glarus,466
Berna,24947
Visp,1041
Monthey,3064
Frauenfeld,5003
Horgen,385
Hochdorf,333
Brig,7410
Brugg,593
Bulle,2267
Losanna,92
Herisau,1606
St. Gallen,26588
Bellinzona,8201
Luzern,36762
Suiza,43367
Liestal,2368
Ginevra,902
Sursee,711
Schüpfheim,124
Le Locle,450
Baden,16161
Lucerna,167
Bremgarten,419
Weinfelden,497
Scuol,201
Arth,95
Fribourg,27938
CH,72206
Basel,162636
Lausanne,146086
Bern,183594
Swiss,110636
Geneva,349293
Zurich,327888
Zürich,575668
Genève,362280
Lugano,483507
Schweiz,592548
Helvetia,4134
سويسرا,2991
Suica,1068
İsviçre,3650
Rheinfelden,1261
Altdorf,2193
Wittnau,25
Laufen,470
Waldenburg,3848
Genève et Lausanne Suisse,3813
Online,38
Zurich Switzerland,233505
NW IN.,1026
internet Switzerland,892
Stgo CH,172
Neuchâtel Switzerland,7899
Court,6271
vaud,234
Lucerne switzerland,765
jura,2096
aargau,980
suisse,23465
switzerland,60480
Cressier/NESwitzerland,267
Kriens Lucerne,477
Basel-City Switzerland,46541
egg,25618
Embrach ZH Switzerland,73
Geneva Switzerland,441042
Vevey Switzerland,3487
Graubünden Switzerland,732
Talkessel Schwyz Switzerland,847
Gonten,951
Fribourg Suisse,10665
Monthey Valais,940
würenlos,3823
Jura Franche-Comté,11385
Lausanne Switzerland,63787
Lucerne Suisse KinshasaRDC,14077
Basel-Land Schweiz,1457
Berne Genève,27
TICINO,4703
Büren an der Aare Schweiz,676
Sattel Schweiz,4566
ag,3241
MonteCulebra y Azfalto ~o~,7813
Genève Suisse,140637
LausanneSwitzerland,943
Broye Vaud Suisse,4288
LUGANO,6647
Switzerland Italy,172
lightskin boy,680
geneva,5364
Uptown Downtown Switzerland,18838
Basel Switzerland,75760
Ostholstein SH Germany,3860
Sion Suisse,6167
Zürich Switzerland,64621
lyss,826
Paris rive gauche.,221
Fribourg Switzerland,8467
Zofingen Switzerland,32767
Aargau Switzerland,8986
DTC Suisse,1202
Morges,249
Ticino Switzerland,9278
Lugano Capital Federal,810
Chevilly Switzerland,63
NW TX,757
Region Thun Schweiz,99
Zurich Switzerland✈️,111
Lake District England,4432
Zug Schweiz,3070
lugano,30453
Zürich Schweiz,39274
Bern Schweiz,21321
ju jo 99gs & kian follow—nc,12936
Erschwil Schweiz,1114
NW,25967
interlaken switzerland,270
Vilagarcía ✈ Suiza,1439
veve,1111
court,8932
Field court diamond.,653
TI,114
genève,8584
Jura,8014
Ebikon Luzern,161
Winterthur Engelberg,1145
Fribourg / Lausanne Suisse,71
Lyss,2202
Neuchâtel Suisse,10749
Basel Schweiz,5542
Bern Switzerland,48744
MontreuxSuisse,573
schweiz,8009
Lausanne Suisse / Switzerland,305
One,839
La Chaux-de-Fonds Switzerland,4127
Manhattan NY,48
ju,3486
Address,Bern Switzerland,2257
Romont,17
Küsnacht (ZH) Schweiz,1255
Berne Switzerland,23229
Schaffhausen Schweiz,344
Lake District,25657
Vaud Suisse,16595
London / Zug,763
Aargau Schweiz,3479
München,97
Brügg Biel,30
Sion Switzerland,5808
zürich,4923
Zug Switzerland,22308
Baar Switzerland,487
47.4431438.626668,25
Dielsdorf Switzerland,77
ch,5596
Selangor Malaysia,82
Nyon Switzerland,21337
Monte,7348
Belfaux Suisse,184
Tlokweng,RTB NWRSA,1521
Villars-sur-Glâne Suisse,145
Valais Suisse,10414
Ryan,4702
Frauenkappelen Schweiz,2067
ag 1d ldr tøp tw,677
Berne,2461
monte,3319
Biel Bern,1698
Zurich & Arosa Switzerland,213
Gimel Switzerland,578
Fully,665
Canton Ticino Svizzera,1808
Ebel City Basel,6420
Turicum,860
Cunter Svizra,4391
Singapour,593
Conte Sivan Mendes 1D✨,469
Suisse France,4858
Rümlang,30
Basel Switzerland - East Ldn,3079
Zurigo Svizzera,4737
CABA - Argentina,1010
Ur,13412
St Gallen Switzerland,1577
Bern Sweet-zerland,377
Zuerich Switzerland,633
AG,4923
sursee,3037
Zürich/ZRH - Switzerland/Suiza,103
Thônex Genève,360
Switzerland Fribourg,437
Swizerland Zurich,52
Quartiers Nord Genève,832
ka ge ch md cc sn,4362
Schaffhausen Switzerland,3389
Switzerland England,1197
Winterthur Switzerland,6318
Switzerland Aargau,341
La Chaux-de-Fonds Neuchâtel,901
Yverdon-les-Bains Vaud,569
Châtel-St-Denis Suisse,532
Basel Suiza,199
Bern Schweiz Stade de Suisse,1800
Rümlang Schweiz,32
NW London,852
CYB,32
Greifensee Switzerland,131
Massagno Switzerland,26
Seebach,151
6982 Agno Switzerland,75
Gland Suisse,10644
Valais Switzerland,2918
Genève/Fribourg/Zurich Suisse,234
London UK,570
Genève Kenya,421
SHCHINA,37
Brienz,2246
sursee kanton luzern schweiz,2990
Ticino,7347
Gams CH,123
+965,64
Cincinnati OH,22
Olten Suisse,1059
Schwyz CH,16
Ottawa Canada,23
VK;1Derland;AG,115
Hauterive (FR) Suisse,5218
bl,6815
Villarzel Suisse,2121
AG  LM  1D,422
Geneva NY /Albuquerque NM,2132
The Archive-Winter Narnia NW,1774
Soleure Suisse,742
Village of the Damned Schweiz,1045
Lucerne Switzerland,21761
Saint-Imier,293
ZurichSwitzerland,1710
Zürich Switzerland.,2159
Cham Schweiz,606
Vaud CH,314
Grindelwald,1003
sh,3242
basel,3600
Wetzikon ZH Switzerland,190
Bellinzona Ticino,807
Zürich  SWITZERLAND,2114
Bar,3623
Gingins Valais Suisse,1754
Luzern Zentralschweiz,679
Würfelzucker-City,678
Wildhaus,282
Saint Gallen Switzerland,3696
LONDON,90
Oberglatt Schweiz,247
Buchs (AG) Schweiz,436
ZH Schweiz,980
Geneva City,131
Allschwil Switzerland,238
Thalwil / Zurich Switzerland,151
Vevey Vaud,1780
Estavayer-le-Lac Switzerland,1324
Close your eyes & I may appear,5
Cambridge England,30
Les Hauts-Geneveys Neuchâtel,3356
Stein am Rhein,1193
Genève Switzerland,2207
Solothurn Schweiz,967
thurgau,393
UiTM Perlis Kampus Arau,33
Seebach France,2780
ISVICRE,13
Roveredo (GR) Svizzera,184
Lugano Switzerland,15594
Bern / Orkney,35
huttwil,6
Dietikon,3732
Thurgau Schweiz,4450
Lausanne Suisse,17065
Sankt Gallen Schweiz,3138
Muhen Schweiz,2523
irgendwo in Graubünden CH,1435
Berlin Deutschland,47
ag jano the weeknd ts mb,272
Sargans Schweiz,1916
wonderland,718
Switzerland; Bienne,34
Titterten Switzerland,117
Genébra Suíça,253
Genève  Suisse,586
Norddeutschland Ostsee SH,231
Genève Suisse / Paris France,219
Villeneuve (VD) Vaud,861
Rezi-Mafia-Hauptquartier,2749
Verbier Switzerland,1294
Ginebra Suiza /Mvd-Uruguay,1482
Arosa,569
Frick,411
Lamone Svizzera,1272
Balgach Rheintal Switzerland,291
3800 Interlaken Switzerland,1571
SH North DE,264
Valais Suisse / Porto,391
Geneva - Italy,158
lausanne,4320
ZRH,2871
St. Jakob-Park Basel,1072
Lost Somewhere In Outer Space,5
Dans la déchettrie Suisse,1831
★★Above the skies★★,312
Suisse Valais,2188
Portland OR,468
zg,993
Schweizerberge,33
SWITZERLAND,5976
Wettingen,622
Schweiz Zürich,835
Sierre,1181
Felsberg Schweiz,482
brig,265
IPHMY,422
Gstaad,1071
Hinwil Switzerland,904
Wald,1276
Nidau Schweiz,1712
Guayaquil Ecuador,17
The Abyss Switzerland,4558
MONTE,1554
Le Mont-sur-Lausanne Vaud,538
zurich,6354
winterthur switzerland,21
GL,2715
Neuhausen am Rheinfall,1246
Graubünden Schweiz,1464
3rd rock from sol Menzingen,1141
Lausanne Vaud Switzerland,476
Wahlern Bern,5452
HQ @ Rotkreuz Schweiz,472
SF BAY,36
Baffin Zurich,932
Suisse avec @Noctambie,2261
Aargau CH / Liguria I,1187
Bern-Berner Oberland Schweiz,101
Zurich/Los Angeles CA,342
Balerna Svizzera,176
Bezirk Baden Aargau Schweiz,288
Houston,15
Cordast Switzerland,11
Stuttgart,94
palma de mallorca,44
J-18,753
Salad Bar,2927
Pfisterhölzli,696
Lugano Genova Finale Ligure,36
Suisse Lausanne,5586
Zürich Switzerland; Zurich,74
Arau Ps -- Puncak Alam Slgr,389
Gossau Suiza,1534
Davos,749
Geneva Swiss,219
Coppet Switzerland,900
Herzogenbuchsee Switzerland,158
Kuwait,795
Zurich Airport Switzerland,1003
davos switzerland,121
orbe,188
Epalinges,91
Risch Zug,40
ʕ•ᴥ•ʔ,74
ZG,5179
ApesMelinaJuLucaLouKs,1568
6364,200
CHBS,1556
Tromsö Basel Stockholm,2536
chlh/4+band | csjb/3+band,1238
Switzerland Montreux,317
Beringen Schweiz,336
GENEVA,2585
Switzerland  Bern,1588
Carouge (GE) Suisse,289
Back in awesome Zurich!,34
Olten Switzerland,2148
Chiasso Ticino,827
Dübendorf / Switzerland,29
Penthalaz Suisse,55
Comano Svizzera,1640
47.2596828.844828,325
Villarepos Suisse,211
.fr .be .ch .eu | Lausanne,314
Chur Switzerland,3030
Field  Court  Stuu,214
Unterlunkhofen Schweiz,43
MathodVaudSuisse,956
Calabasas CA,121
Villars-Sur-Ollon,144
Koalaville KO,104
Genève Suisse.,656
Jura Suisse,1352
Villars-sur-Ollon Switzerland,383
Zürich Zh CH,381
Cully Mid Devon,723
Near Zurich Switzerland,2438
ZH,380
Interlaken Schweiz,193
Paris France,639
Wil - Kanton St.Gallen,100
switzerland; planet jeds,530
lausanne ch,24
ju isa & suy,113
Rapperswil-Jona Schweiz,837
Gland,497
Rüttenen Solothurn,573
Ai,256
Hong Kong China,2
Haiti-Brooklyn-Miami-Geneva,29
Rheinfelden Basel Schweiz,536
Sacramento CA,11
Suisse Vaud Renens,645
ginebra,1454
Herrliberg Switzerland,1832
Mendrisio,1626
Nyon Suisse,1809
Zurich Schweiz,783
Olten Schweiz,850
Yverdon les Bains Suisse,464
Bulle Fribourg Suisse,124
solothurn- schweiz,95
plan-les-ouates,25
Aarau Switzerland,1178
Basel City Switzerland,2992
Lausanne Vaud,10842
Switzerland #switzerland,935
Oberwallis,209
Estavayer-le-Lac Fribourg,134
1012 Lausanne Switzerland,19
Genève Porto,703
URI,6343
Lake District Cumbria,1393
Giubiasco,2135
Ginebra Suiza,2649
Morges Switzerland,2418
suisse Lausanne,938
WALD,254
Lausanne  Suisse,10
Lugano Ticino,4037
swiss,1334
Orges Vaud,45
Belp Bern,49
5h ddl ag tk NYD 1D t100,3603
kn wrld,133
Yverdon Suisse//León//H.Town,1344
Savièse,17
Bulle Fribourg,284
Geneva Pale Blue Dot,985
Fribourg/Freiburg Suisse,358
Grand-Lancy suisse,83
Cernusco sul Naviglio,1
BERNLCHVRSM,1774
ig ,sanseei,501
Zürich Бeoгpaд Italia.,2124
Ticino Svizzera,4650
españa,61
CH Nidau Suisse,18
Biel Bern CH,719
Al Rumaithiya Kuwait,38
Buchrain Switzerland,764
Lausanne CH,1471
4/6 ; AG ; SG,3846
Wädenswil,2932
Lake District Great Britain,2689
Sion Valais,1294
41.653082-0.878405,14
Gebiet ohne Netzabdeckung SH,2504
Genève Plan-les-Ouates,712
Switzerland Kenya,125
Winterthur Zürich,2967
Hüttwilen Schweiz,737
lake district england.,78
root,1715
La Tour-de-Peilz Suisse,485
Genève tunis,605
Rheinfelden Schweiz,1449
Schweiz Bern,1241
pll h50 sh quantico uR,6754
SpitzBoroughSohoSouth Ken,394
Lostorf,479
Vevey,1151
Berthoud CO U.S.A,32
Siana Mieres,16
Regio Basiliensis,658
LuzernSwitzerland.,53
جنيف,1153
Lake District UK,6558
RYAN,1013
GVA,1466
Thun Switzerland,3641
Leicester England,70
Switzerland Kosovo,765
CreeSueñaLuchaRie...VIVE!!,113
CHE UP Diliman,75
Geneva Neb,151
Gotham City,225
Arau Perlis,3546
200 countries & territories,112
Bourgeois Heaven Switzerland,317
Gva,2672
Köniz Bern,464
Küsnacht (ZH) Zürich,543
bern,2981
Wangi Australia,671
@coldplay 110616 Zurigo,640
Лестат Джонни Лис,510
México,178
Barcelona - Campdevànol,6
uptown downtown switzerland,1513
SWITZERLAND CH,211
Saint-Blaise,731
genebra,1321
Austria,742
w/ aileen court and christy,714
Flums Sankt Gallen,26
Bonne-Fête Switzerland,4145
WorldPeaceSummit Switzerland,1321
Sierre Switzerland,1397
geneve,5891
Riehen,594
LuganoBuenos AiresArgentina,1336
sitting on my ass Switzerland,496
PromoMusikCh,412
Le Mont-Pèlerin Switzerland,348
Geneva IL✈️WichitaKS,41
Crans-Montana and Geneva Switzerland,110
Fulenbach,328
Fribourg/Freiburg Schweiz,802
Hati✨,4
Cyberia,176
Luzern Schweiz,7534
LUZERN,388
Zurich Suiza,2246
Vaud Switzerland,5856
Leiden,10
Pern,2931
Geneva Dubai Abu Dhabi.,72
Basel-Country Switzerland,1726
Villars-sur-Glâne Fribourg,1355
Giubiasco Switzerland,48
Wohlen (AG) Aargau,251
Switzerland Vevey,38
Suisse Switzerland,866
Einsiedeln Switzerland,2474
Switzerland Chill,556
Baden Switzerland,3590
Muhen Switzerland,571
Morgane ♡,191
#Manchester #Snowdon #Verbier,162
Gelterkinden Schweiz,219
Biel Switzerland,4304
New York NY,321
Zürich Niederglatt,277
Zürich Schweiz (still german),1290
Jura Scotland,2
davos,258
OFFICIAL LEBANON CHAPTER,154
Basel Helvetia (& Ireland),1186
Martigny Valais,528
Bellinzona Switzerland,882
Root,692
zurichSwitzerland,376
zurich Switzerland,578
Bern Berne,2436
Suisse France cathodique,4167
Lugano Argentina,3284
Muri bei Bern Schweiz,1286
Zurich Suiza// A Coruña,196
niederbipp,577
Geneva OH 44041,103
ZRH Switzerland,1749
LummiZurich,1074
sagittarius,38
Winterthur Schweiz,1360
"Berne NY | SUNY Oswego 19",603
Monte Argentina,554
Mollendruz Switzerland,94
Bramois Valais,307
Schweiz Aargau,490
Kiesen Switzerland,234
Locarno Svizzera,4553
Wollerau Switzerland,763
Genève Suisse | Bahia Brasil,803
Lyss Switzerland,321
New Jersey USA,26
Buchholterberg Schweiz,103
Bern und 3.0 NM LSZB ILS RWY14,55
Poitpoit,2
Selzach,24
im schönen freiamt schweiz,224
Peseux Neuchâtel,129
FuchshausenSchweiz,110
Lausanne (Suisse) - Lyon,186
GenevaSwitzerland,3113
Zurich Swiss,1238
Zentrum Augsburg,1635
Geneva SWITZERLAND,48
Neuchâtel CH,113
Basel-Stadt Schweiz,4961
Arzier overlooking Lac Léman,69
Kreis Schleswig-Flensburg SH,374
Les Enfers Suisse,883
Lachen SZ,327
Cape Town,163
St.Gallen Switzerland,513
Zürichsee Schweiz,511
Camden London,3
"Château-dOex Switzerland",382
RumahkuSyurgaku,93
Swiss NE,6
الكويت / حطين,6
Köniz,130
Paris,1515
JDCHJSGPIE,560
GENEVA SWITZERLAND,297
Canada,149
baden schweiz,426
Frecher Geist weht wo er will,965
BL ㅌㄴㄱㅂㄱㄱㄹㅇㅂㄹㅂㅌㅋㅇㄹㅎㅂㅊㄴ,207
Hettlingen Schweiz,1433
Everywhere USA,3
Wetzikon Schweiz,1555
Estavayer-le-lac Suisse,264
Wetzikon ZH,148
"@ya mamas house Switzerland",274
Saint-Raphaël,34
Paris Ile-de-France,210
Wetzikon (ZH) Zürich,134
near Zurich Switzerland,66
Rapperswil-Jona / Basel CHE,296
Geneva Illinois 60134,242
gva,1578
enroute Hotel PresidentGeneva,269
Basel Switzerland スイスのバーセル市,316
Zurich CH,1356
Romsey UK,43
Muhen,3734
Eawag Zurich Switzerland,42
Yverdon,1400
Bern 20 Meter ü. Aare,305
Schweiz Albanien,366
bulle,57
Regensdorf Schweiz,1089
ch | ks,52
xcvII,47
Zürich CHE,584
SH Germany,364
Dublin Ireland,99
Carouge (GE) Genève,950
Kent OH,205
vs,1233
lausanne switzerland,127
Darnassus Suiza,207
Begnins,45
flemme,1116
Berlin,1093
Auvernier 28-29-30 aout 2015,26
In a booth Switzerland,802
Urdorf,90
suiza,3471
Morges Suisse,941
Ins,77
Visp Switzerland,300
Viseu / Genève,198
sms@rebell.tv,3204
Bassersdorf,203
Daillens Vaud,218
Olten CH,237
Rendsburg,103
Corgémont Suisse,1222
Lenz Schweiz,61
"sh ; hsk ; yng ; tzuyus",1172
Basilea Suiza.,135
Portland Oregon Cascadia,3
Villeneuve Switzerland,31
"KuwaitUniversity11 -50",6
Gaswerkstrasse 48  Langenthal,72
Luzern Switzerland,2091
ig,@sefiqajusly,18
Thun Bern CH,11
Vernier Suisse,33
Monte Corse,702
1800 Vevey,829
zurigo,63
Zürich Schweiz / UK,77
GENÈVE,101
Savagnier Suisse,366
Tone Tx but CPT made me,1638
SwitzerlandAargau,697
Nyon Vaud,154
Zürich  Schweiz,332
Dietikon Zurigo,2113
Delémont Jura Suisse Europe,634
Genève (CH) - Ferizaj (KS),322
Au Paradis Des Diablesses,15
bülach,6
Lake District Cumbria.,405
Lutry,1339
Poznań Poland,19
GenèveSuisse/Roussô,42
Roveredo Switzerland,25
Oberwil-Lieli Schweiz,115
Geneva CH,2877
Rothrist Aargau,11
Zurich Bern Fribourg Thun,58
France,986
Schweiz Deutschland,877
Switzerland USA,1869
Davos CH,109
Monte Carasso Ticino CH,132
Locarno Switzerland,909
maassluis,8
Melbourne Australia,221
TIPerak - Shah Alam - Gombak,108
806 upshur street nw 20011,1309
La Chaux-de-Fonds Suisse,1061
zurich switzerland,2447
Nähe Bern Schweiz,1459
Chexbres Suisse,291
Melide Ticino,95
Baden Schweiz,1009
Berne Suisse,1112
Somewhere Switzerland,137
Suisse Genève,693
genf,1742
Faoug Vaud,619
Solothurn Switzerland,2710
Prilly,251
Seeland Biel Schweiz,172
Genève  Thônex,85
saezdesperateshfauveoitnb,314
nw,5089
Morocco troiscentseudi,9
Montreux Switzerland,1261
Lausanne switzerland,169
SWITZERLAND USA PHILIPPINES,81
Schweiz Ursprung,POTT :-),923
مطرف المطرف.,13
Lenzburg Switzerland,343
Inquiries,info@festjumpers.tv,9
Razzolo,9
New York City,215
Lugano  CABA  Argentina,44
Founder & CEO @HAPP_KIDS,23
Aargau,1740
Carouge Genève,507
Solothurn - Switzerland,185
Eastern Kingdom of Saudi Arabia,91
hard,395
Monte Baires.,47
Waltenschwil Schweiz,1
Uitm Perlis,475
LUGANO(CH)-Arcore(IT)-Nice(FR),110
Minusio Ticino Switzerland,7
Chãtelaine Vernier Genève,382
Monthey Suisse,1738
Verbier Switzerland Europe,40
NWNSSC 2/3,230
Wetzikon,1945
Engelberg Obwalden,316
ryan,1697
Snap,soso_00123,3
Switzerland VS,361
Schweiz und das Netz,7
Prague Czech Republic,8
Beatenberg,226
Neuchatel Switzerland,327
NW Sri Lanka,204
Genève GE Suisse,202
St. Gallen Switzerland,2206
Zürich Suiza,654
Canberra Australia,14
United Arab Emirates,416
Sadnessland,3178
Saas-FeeSwitzerland,55
solothurn,209
arau,79
Artista del Complot Records,4
Hölstein Switzerland.,217
Paradiso Ticino,1241
Sommewhere in switzerland,85
Biel Schweiz,147
Grandvaux Suisse,1374
Sursee Luzern Schweiz,504
Ennetbaden/Schweiz,1436
Bern CH,153
Sarnen Switzerland,127
Bubendorf Basel-Land,6
Aarau Schweiz (612/312 TRUE),193
Kölliken Switzerland,136
Weiach Schweiz,108
Bolton ON,130
Schwyz Schweiz,63
Zürich Basel Nimmerland,60
De Pere WI,74
im everywhere,181
Downtown Uptown Switzerland,836
5276 Wil AG Switzerland,35
Zermatt Switzerland,769
Montreux,1294
RiyadhSaudi Arabia,11
Zumikon/Zurich/Switzerland,44
Johannesburg,59
UiTM Perlis,178
Switzerland Zurich,135
SwitzerIand Las Vegas CA,223
★♡★Zürich★♡★,1223
Ju,1080
Leysin,296
Switzerland Aargau,166
TS,Mauranspielt.net,67
VS,1364
Penang Malaysia.,16
Uri Schweiz,256
Wettingen AG,119
Nidwalden,62
Onex,136
#TeamMinaj #TeamTinashe,128
Sa Pereira Santa Fe.,23
moab utah,4
Zürich Badenerstrase 623,149
Birchgrove,1
lost in Dan Stevens eyes,4
In a tin can Switzerland,1538
SCHWEIZ,338
Genève Paris,194
Leytron Suisse,553
Genève Kosovo,352
Neptuno,22
Celigny Switzerland,217
rapperswil-jona switzerland,64
8488 Turbenthal Schweiz,825
Planet Earth Egyptian Edition,14
Walenstadt,325
Somewhere in the Mountains,234
NW UK,1240
Geneva CH & Montréal Canada,285
Nr Zurich Switzerland,28
London Suitcase,2
Zug Bern und dazwischen,169
Seebach Zürich Svizzera,2045
Conte,169
PVA DO LESTE KAMP,164
Schwyz Switzerland,724
Como,5
zurich/Denizli/,4
Winterthur Wien Düsseldorf,490
Newcastle University UK,11
Switzerland; Auric Stud Farm,812
Muttenz Schweiz,2680
lake district uk,1217
Bülach Schweiz,620
Zürich CH,1152
Estavayer-le-Lac,261
Thônex,29
Caminando hacia la meta,103
sh; marvel; sw; ham,1090
Zell (ZH) Schweiz,159
제네바,1097
Meyrin Genève,1408
Vordemwald,148
UK,682
kedah-perlis,137
Canary Islands Spain,2
Grimentz Switzerland,72
Murten,788
Regensdorf Zürich,586
Caslano Ticino,254
Messe Zürich Switzerland,112
Uri Sardegna,227
Sion VS,207
Ullswater Lake District,160
Hünenberg Switzerland,257
Richterswil Zürich,40
Nord-Vaudois Suisse,189
Spain,54
Verbier,644
AI,736
jbagjanolm,200
Frick Switzerland,91
Chatel France,20
Untersiggenthal Aargau,691
Neuchâtel Suisse Korriban,906
NJ-NY | IG,rujulxo,2
Zürichswitzerland,400
Carouge Suisse,20
lancy,44
Lancy Suisse,1265
Geneva Switsrland,95
Tone,675
Gibraltar WA,2
Châtel-St-DenisSwitzerland,139
Champel Geneva,105
Meiringen,79
Paris Lausanne Wien,87
Thalwil Zürich Schweiz,20
Australia,278
ZLA,587
Broomhill Community Church Gl,87
Basle Basel City,1188
United States of America,19
Mendrisio Switzerland,453
Collombey-Muraz Valais,31
guayaquil-ecuador,15
Ebikon Switzerland,460
CH Zürich,20
Basel,31
Genève ㄺ \\\\ FC VYR ⚽ N°10,18
luzern schweiz,251
bern ks,130
Oberentfelden Aargau,68
Dübendorf Switzerland,589
Reitnau Aargau,69
Köniz Switzerland,64
Lugano (CH) Switzerland,90
Basel / Svizzerland,367
Venice CA,8
Geneva NY [315],91
spiez,509
Asuncion Paraguay,39
Zurich Suisse,2299
Arrival Illinois USA,2
Yverdon-les-bains Switzerland,676
Wetzikon (ZH) Schweiz,308
Lugano ; Capital Federal,37
Zürich Schweiz - MY,299
Amriswil,124
CH - MX - DE - UAE - ASIA,22
هناك بعييييد.,25
Switzerland ubezpieczenia,827
